{
  "LUT": {
    "val": {
      "mae": 6452.925798192483,
      "median_ae": 0.0,
      "rmse": 57094.38182875443,
      "spearman_rho": 0.9243639027656526,
      "mape_1k": 97.74380081301813
    },
    "test": {
      "mae": 6951.251686187592,
      "median_ae": 0.0,
      "rmse": 62556.784597690064,
      "spearman_rho": 0.9250117358593384,
      "mape_1k": 99.5620164242049
    }
  },
  "TwoStage": {
    "val": {
      "mae": 4736.320965501471,
      "median_ae": 43.0,
      "rmse": 55888.19245232759,
      "spearman_rho": 0.8995479374591039,
      "mape_1k": 94.53923718119556
    },
    "test": {
      "mae": 4942.508829749985,
      "median_ae": 43.0,
      "rmse": 55913.79416799892,
      "spearman_rho": 0.8991631795327184,
      "mape_1k": 89.18087630708852
    }
  },
  "XGB+URLHash": {
    "val": {
      "mae": 4412.0517578125,
      "median_ae": 102.45451354980469,
      "rmse": 54784.94858991838,
      "spearman_rho": 0.7370134157965115,
      "mape_1k": 85.2734868826849
    },
    "test": {
      "mae": 4569.8427734375,
      "median_ae": 102.45451354980469,
      "rmse": 51077.12004410585,
      "spearman_rho": 0.7344325504828892,
      "mape_1k": 75.15054724420766
    }
  },
  "Quantile_p50": {
    "val": {
      "mae": 4966.91845703125,
      "median_ae": 2.9362030029296875,
      "rmse": 56143.797092822286,
      "spearman_rho": 0.8933796479103719,
      "mape_1k": 53.69829122265456
    },
    "test": {
      "mae": 5461.66650390625,
      "median_ae": 2.7907190322875977,
      "rmse": 61276.25262693534,
      "spearman_rho": 0.8915371528967867,
      "mape_1k": 52.97298185715431
    },
    "val_intervals": {
      "coverage": 0.8560291954066912,
      "mean_width": 15394.30078125,
      "median_width": 26.111835479736328
    },
    "test_intervals": {
      "coverage": 0.8560291954066912,
      "mean_width": 15869.1748046875,
      "median_width": 24.40735626220703
    }
  },
  "XGB_Tweedie": {
    "val": {
      "mae": 3834.506591796875,
      "median_ae": 1.7765159606933594,
      "rmse": 55040.311627024785,
      "spearman_rho": 0.9516027983003964,
      "mape_1k": 58.90722736305658
    },
    "test": {
      "mae": 4215.91748046875,
      "median_ae": 1.7350616455078125,
      "rmse": 59142.23993052681,
      "spearman_rho": 0.9518881533940239,
      "mape_1k": 56.876594138014184
    }
  }
}