{
  "LUT": {
    "val": {
      "mae": 6452.925798192483,
      "median_ae": 0.0,
      "rmse": 57094.38182875443,
      "spearman_rho": 0.9243639027656526,
      "mape_1k": 97.74380081301813
    },
    "test": {
      "mae": 6951.251686187592,
      "median_ae": 0.0,
      "rmse": 62556.784597690064,
      "spearman_rho": 0.9250117358593384,
      "mape_1k": 99.5620164242049
    }
  },
  "Ridge": {
    "val": {
      "mae": 9186.439324209574,
      "median_ae": 2337.1938140880266,
      "rmse": 56317.01358904693,
      "spearman_rho": 0.6362802423672315,
      "mape_1k": 202.85248127869048
    },
    "test": {
      "mae": 9650.572431133214,
      "median_ae": 2320.692606280063,
      "rmse": 61368.501287376675,
      "spearman_rho": 0.6347542039765415,
      "mape_1k": 203.90803017502813
    }
  },
  "RandomForest": {
    "val": {
      "mae": 4357.135250369438,
      "median_ae": 13.17812467603,
      "rmse": 52949.368643475646,
      "spearman_rho": 0.9111135180300075,
      "mape_1k": 88.27743738113666
    },
    "test": {
      "mae": 4675.230654278521,
      "median_ae": 13.17812467603,
      "rmse": 54658.60227060162,
      "spearman_rho": 0.9124958838656897,
      "mape_1k": 81.7508818829497
    }
  },
  "XGBoost": {
    "val": {
      "mae": 4457.021484375,
      "median_ae": 55.33209991455078,
      "rmse": 54147.5885335626,
      "spearman_rho": 0.7757061135482457,
      "mape_1k": 86.48892031858426
    },
    "test": {
      "mae": 4967.02392578125,
      "median_ae": 55.4503173828125,
      "rmse": 66447.95569466377,
      "spearman_rho": 0.7736081820241666,
      "mape_1k": 81.44452128384737
    },
    "params": {
      "n_estimators": 429,
      "max_depth": 10,
      "learning_rate": 0.037952548500727996,
      "min_child_weight": 2,
      "subsample": 0.9824223257514617,
      "colsample_bytree": 0.5491474154441655,
      "gamma": 0.009996941491839495,
      "reg_alpha": 8.333094665761957e-05,
      "reg_lambda": 3.0333455449094037e-06
    }
  },
  "LightGBM": {
    "val": {
      "mae": 4512.445876310704,
      "median_ae": 53.032653904526605,
      "rmse": 54305.83755099631,
      "spearman_rho": 0.7886497263580537,
      "mape_1k": 91.09024085385164
    },
    "test": {
      "mae": 4825.784895794242,
      "median_ae": 53.032653904526605,
      "rmse": 56162.03617686442,
      "spearman_rho": 0.7900847721461915,
      "mape_1k": 85.7590324379634
    },
    "params": {
      "n_estimators": 345,
      "max_depth": 13,
      "learning_rate": 0.02063795341971452,
      "num_leaves": 243,
      "min_child_samples": 10,
      "subsample": 0.6977973192145606,
      "colsample_bytree": 0.7914410752874318,
      "reg_alpha": 0.03141800781750628,
      "reg_lambda": 0.08881909814285426
    }
  },
  "CatBoost": {
    "val": {
      "mae": 4709.970225136318,
      "median_ae": 224.0,
      "rmse": 55829.232132314944,
      "spearman_rho": 0.6964936667464465,
      "mape_1k": 94.67377070496087
    },
    "test": {
      "mae": 5228.447768461984,
      "median_ae": 215.3368627770269,
      "rmse": 70448.99360813266,
      "spearman_rho": 0.6940910201570468,
      "mape_1k": 85.86048501246621
    },
    "params": {
      "iterations": 893,
      "depth": 9,
      "learning_rate": 0.24772631961539152,
      "l2_leaf_reg": 1.1612640445089384,
      "bagging_temperature": 0.637336576909709
    }
  }
}