{
  "lut_mae": 6943.807000783385,
  "lut_rho": 0.925129180143087,
  "cnn_mae": 5319.5478515625,
  "cnn_rho": 0.9764506605235755,
  "tweedie_mae": 4365.791015625,
  "tweedie_rho": 0.9436141752576306,
  "best_epoch": 41,
  "total_params": 72705
}